手牌数,顺子≥5张,顺子≥6张,顺子≥7张,顺子≥8张,顺子≥9张,顺子≥10张,顺子≥11张,顺子≥12张,顺子≥13张,连对≥2连,连对≥3连,连对≥4连,连对≥5连,连对≥6连,连对≥7连,连对≥8连,连对≥9连,连对≥10连,连对≥11连,连对≥12连,连对≥13连,同花顺≥5张,同花顺≥6张,同花顺≥7张,同花顺≥8张,同花顺≥9张,同花顺≥10张,同花顺≥11张,同花顺≥12张,同花顺≥13张,连三张≥1连,连三张≥2连,连三张≥3连,连三张≥4连,连三张≥5连,连三张≥6连,连三张≥7连,连三张≥8连,连三张≥9连,连三张≥10连,连三张≥11连,连三张≥12连,连三张≥13连,飞机2连,飞机3连,飞机4连,飞机5连,炸弹≥4炸,炸弹≥5炸,炸弹≥6炸,炸弹≥7炸,炸弹≥8炸
13,48.23,24.44,12.38,5.80,2.42,0.91,0.29,0.05,0.00,53.06,9.79,1.22,0.09,0.00,0.00,0.00,0.00,0.00,0.00,0.00,0.00,1.20,0.18,0.02,0.00,0.00,0.00,0.00,0.00,0.00,62.74,2.33,0.04,0.00,0.00,0.00,0.00,0.00,0.00,0.00,0.00,0.00,0.00,0.83,0.00,0.00,0.00,10.33,0.86,0.03,0.00,0.00
14,56.87,31.47,17.38,9.01,4.31,1.85,0.68,0.17,0.03,63.02,14.32,2.19,0.23,0.01,0.00,0.00,0.00,0.00,0.00,0.00,0.00,1.84,0.26,0.04,0.01,0.00,0.00,0.00,0.00,0.00,71.55,3.81,0.06,0.00,0.00,0.00,0.00,0.00,0.00,0.00,0.00,0.00,0.00,2.06,0.00,0.00,0.00,13.93,1.21,0.06,0.00,0.00
15,64.75,38.73,22.93,12.91,6.67,3.17,1.32,0.48,0.12,72.30,20.18,3.80,0.50,0.04,0.00,0.00,0.00,0.00,0.00,0.00,0.00,2.71,0.43,0.06,0.01,0.00,0.00,0.00,0.00,0.00,78.98,5.79,0.17,0.00,0.00,0.00,0.00,0.00,0.00,0.00,0.00,0.00,0.00,4.10,0.00,0.00,0.00,17.96,1.81,0.12,0.00,0.00
16,71.12,45.80,28.92,17.39,9.98,5.30,2.52,0.99,0.30,79.83,26.88,6.07,1.01,0.11,0.01,0.00,0.00,0.00,0.00,0.00,0.00,3.69,0.64,0.12,0.01,0.00,0.00,0.00,0.00,0.00,85.86,8.69,0.30,0.00,0.00,0.00,0.00,0.00,0.00,0.00,0.00,0.00,0.00,7.36,0.00,0.00,0.00,23.02,2.60,0.15,0.01,0.00
17,77.22,53.15,35.47,22.73,13.73,7.87,4.16,2.01,0.80,86.11,34.53,9.02,1.85,0.32,0.04,0.00,0.00,0.00,0.00,0.00,0.00,4.89,0.92,0.21,0.03,0.00,0.00,0.00,0.00,0.00,90.86,11.80,0.59,0.01,0.00,0.00,0.00,0.00,0.00,0.00,0.00,0.00,0.00,10.85,0.07,0.00,0.00,28.18,3.56,0.26,0.01,0.00
18,82.09,59.52,41.55,27.63,17.78,10.92,6.37,3.33,1.46,90.77,42.43,12.83,3.16,0.58,0.07,0.00,0.00,0.00,0.00,0.00,0.00,6.57,1.37,0.29,0.05,0.01,0.00,0.00,0.00,0.00,94.47,15.88,1.06,0.04,0.00,0.00,0.00,0.00,0.00,0.00,0.00,0.00,0.00,15.23,0.30,0.00,0.00,34.68,4.77,0.38,0.02,0.00
19,86.26,65.71,48.16,33.50,22.60,14.49,8.88,5.03,2.46,94.18,50.84,17.70,5.01,1.15,0.18,0.02,0.00,0.00,0.00,0.00,0.00,8.24,1.85,0.45,0.09,0.02,0.00,0.00,0.00,0.00,97.06,20.99,1.78,0.09,0.00,0.00,0.00,0.00,0.00,0.00,0.00,0.00,0.00,20.52,0.76,0.00,0.00,41.13,6.20,0.51,0.02,0.00
20,89.31,70.88,53.69,38.94,27.38,18.76,12.31,7.62,4.18,96.43,59.03,23.34,7.48,1.98,0.42,0.06,0.00,0.00,0.00,0.00,0.00,10.58,2.49,0.59,0.13,0.03,0.01,0.00,0.00,0.00,98.46,27.00,2.71,0.19,0.00,0.00,0.00,0.00,0.00,0.00,0.00,0.00,0.00,26.75,1.64,0.00,0.00,47.90,8.09,0.71,0.02,0.00
21,91.88,75.83,59.40,44.47,32.56,23.00,15.62,10.16,6.16,97.90,66.47,29.80,10.83,3.37,0.84,0.16,0.02,0.00,0.00,0.00,0.00,13.07,3.36,0.92,0.23,0.06,0.01,0.00,0.00,0.00,99.37,33.56,4.05,0.31,0.01,0.00,0.00,0.00,0.00,0.00,0.00,0.00,0.00,33.42,3.07,0.01,0.00,54.70,10.20,0.98,0.04,0.00
22,93.89,80.07,64.41,49.71,37.51,27.71,19.71,13.58,8.70,98.83,73.94,36.59,14.70,5.07,1.51,0.36,0.06,0.01,0.00,0.00,0.00,15.79,4.25,1.18,0.33,0.08,0.03,0.01,0.00,0.00,99.77,40.29,5.78,0.52,0.03,0.00,0.00,0.00,0.00,0.00,0.00,0.00,0.00,40.18,4.92,0.04,0.00,61.30,12.61,1.30,0.09,0.00
23,95.43,83.28,68.96,54.54,42.38,32.37,23.93,17.03,11.64,99.38,79.66,43.63,19.46,7.62,2.65,0.74,0.15,0.02,0.00,0.00,0.00,19.18,5.70,1.57,0.47,0.13,0.02,0.01,0.00,0.00,99.91,47.65,8.19,0.95,0.08,0.00,0.00,0.00,0.00,0.00,0.00,0.00,0.00,47.55,7.53,0.18,0.00,68.58,15.76,1.72,0.10,0.00
24,96.55,86.23,73.17,59.21,47.31,36.92,28.22,21.01,15.15,99.65,84.51,50.90,24.85,10.62,4.06,1.31,0.36,0.07,0.01,0.00,0.00,23.17,6.96,2.14,0.59,0.16,0.05,0.01,0.00,0.00,99.99,55.27,11.09,1.51,0.15,0.00,0.00,0.00,0.00,0.00,0.00,0.00,0.00,55.20,10.55,0.52,0.00,74.62,19.22,2.36,0.15,0.00
25,97.50,88.98,76.79,63.54,51.99,41.65,32.81,25.30,18.92,99.82,88.64,58.00,30.64,14.34,6.00,2.25,0.72,0.18,0.03,0.00,0.00,26.88,8.79,2.86,0.81,0.24,0.06,0.02,0.00,0.00,100.00,62.87,14.86,2.45,0.29,0.02,0.00,0.00,0.00,0.00,0.00,0.00,0.00,62.82,14.39,1.27,0.00,80.16,23.03,2.97,0.20,0.01
26,98.10,91.07,80.25,67.49,56.29,46.32,37.58,29.87,23.27,99.91,91.73,64.53,37.23,18.72,8.69,3.51,1.30,0.39,0.10,0.01,0.00,31.01,10.59,3.63,1.13,0.35,0.10,0.03,0.01,0.00,100.00,69.88,19.13,3.62,0.49,0.04,0.00,0.00,0.00,0.00,0.00,0.00,0.00,69.84,18.74,2.32,0.01,85.00,27.09,3.79,0.29,0.01
27,98.63,92.77,83.00,71.09,60.37,50.86,42.19,34.59,27.82,99.96,94.02,70.65,43.37,23.67,11.79,5.47,2.24,0.78,0.22,0.05,0.00,35.67,12.94,4.63,1.58,0.48,0.16,0.05,0.01,0.00,100.00,76.23,24.37,5.22,0.89,0.11,0.01,0.00,0.00,0.00,0.00,0.00,0.00,76.18,24.05,3.90,0.06,89.20,31.46,4.74,0.36,0.01
28,99.02,94.27,85.44,74.25,64.12,54.86,46.52,38.95,32.14,99.97,95.91,76.22,49.93,28.82,15.30,7.54,3.32,1.30,0.44,0.10,0.01,40.44,15.37,5.82,2.01,0.66,0.20,0.06,0.01,0.00,100.00,82.03,30.00,7.41,1.44,0.21,0.01,0.00,0.00,0.00,0.00,0.00,0.00,81.98,29.71,6.08,0.19,92.48,36.49,5.73,0.47,0.01
29,99.24,95.29,87.35,77.10,67.76,59.01,51.02,43.70,36.96,99.99,97.27,81.03,56.26,34.40,19.64,10.41,5.02,2.28,0.87,0.26,0.05,45.14,18.04,7.03,2.58,0.91,0.30,0.10,0.02,0.00,100.00,86.59,36.21,10.19,2.29,0.41,0.05,0.00,0.00,0.00,0.00,0.00,0.00,86.55,35.89,8.79,0.52,95.19,41.93,7.14,0.57,0.02
30,99.45,96.34,89.45,79.90,71.20,62.86,55.31,48.09,41.62,100.00,98.14,84.85,62.22,40.24,23.83,13.40,6.99,3.27,1.40,0.46,0.09,50.15,21.07,8.65,3.29,1.19,0.44,0.14,0.04,0.01,100.00,90.47,42.65,13.17,3.26,0.70,0.10,0.01,0.00,0.00,0.00,0.00,0.00,90.42,42.35,11.87,1.05,97.15,47.50,8.75,0.76,0.03
